model,threshold,tn,fp,fn,tp,recall,f2,precision,f1,f05,fn_rate,fp_rate,business_value,positive_rate,score_type
HistGradientBoosting,0.01,0,17540,0,2460,1.0,0.4121983914209115,0.123,0.21905609973285842,0.14916323065728837,0.0,1.0,-9636000,1.0,predict_proba
HistGradientBoosting,0.02,70,17470,0,2460,1.0,0.4131676184077931,0.12343201204214752,0.21974095578383207,0.14967145290825018,0.0,0.9960091220068416,-9573000,0.9965,predict_proba
HistGradientBoosting,0.03,885,16655,20,2440,0.991869918699187,0.42163469846207013,0.1277821419219691,0.22639758756668987,0.15474378488077117,0.008130081300813009,0.9495438996579247,-8889500,0.95475,predict_proba
HistGradientBoosting,0.04,2404,15136,68,2392,0.9723577235772358,0.4370067231803566,0.13646736649931537,0.2393436061636982,0.16480185195392164,0.027642276422764227,0.8629418472063854,-7642400,0.8764,predict_proba
HistGradientBoosting,0.05,4272,13268,161,2299,0.9345528455284553,0.4524343684811272,0.14768420376437336,0.255061851666944,0.1775892967494747,0.06544715447154471,0.7564424173318129,-6193700,0.77835,predict_proba
HistGradientBoosting,0.06,6192,11348,256,2204,0.8959349593495934,0.47110123119015046,0.1626328217237308,0.2752935298526105,0.19446601256441026,0.1040650406504065,0.6469783352337515,-4703200,0.6776,predict_proba
HistGradientBoosting,0.07,7919,9621,380,2080,0.8455284552845529,0.4828002414001207,0.1777625843944962,0.29376456464938916,0.2111075024358558,0.15447154471544716,0.5485176738882555,-3458900,0.58505,predict_proba
HistGradientBoosting,0.08,9487,8053,513,1947,0.7914634146341464,0.49067540322580644,0.1947,0.31252006420545747,0.22927461139896374,0.20853658536585365,0.4591220068415051,-2380200,0.5,predict_proba
HistGradientBoosting,0.09,10736,6804,634,1826,0.7422764227642277,0.49431510557661074,0.2115874855156431,0.32930568079350764,0.24689021092482422,0.2577235772357724,0.3879133409350057,-1558600,0.4315,predict_proba
HistGradientBoosting,0.1,11799,5741,752,1708,0.6943089430894309,0.49395569437214415,0.22929252248623977,0.34473710767988697,0.2647569444444444,0.3056910569105691,0.327309007981756,-896900,0.37245,predict_proba
HistGradientBoosting,0.11,12668,4872,859,1601,0.6508130081300812,0.49071292833936125,0.24733508419589062,0.35844621067950294,0.2823433972911964,0.3491869918699187,0.2777651083238312,-382300,0.32365,predict_proba
HistGradientBoosting,0.12,13411,4129,957,1503,0.6109756097560975,0.4857161323681489,0.2668678977272727,0.37147800296589223,0.3007443572914999,0.38902439024390245,0.2354047890535918,41400,0.2816,predict_proba
HistGradientBoosting,0.13,14043,3497,1063,1397,0.5678861788617886,0.47407357133161393,0.2854515733551287,0.3799292901822138,0.316981303321837,0.4321138211382114,0.19937286202964652,345200,0.2447,predict_proba
HistGradientBoosting,0.14,14532,3008,1151,1309,0.5321138211382114,0.46231546231546233,0.3032198285846653,0.3863066253504501,0.33176196269261965,0.4678861788617886,0.17149372862029647,565300,0.21585,predict_proba
HistGradientBoosting,0.15,14960,2580,1223,1237,0.5028455284552845,0.45288130628981477,0.32407649986900705,0.3941373267484467,0.34888312274368233,0.4971544715447154,0.14709236031927023,770500,0.19085,predict_proba
HistGradientBoosting,0.16,15316,2224,1295,1165,0.4735772357723577,0.44032050797490363,0.34375922100914724,0.3983586937938109,0.3636988011988012,0.5264227642276422,0.12679589509692132,910900,0.16945,predict_proba
HistGradientBoosting,0.17,15639,1901,1364,1096,0.44552845528455287,0.4268910181506583,0.365699032365699,0.40168590800806303,0.37929125138427466,0.5544715447154471,0.10838084378563284,1029100,0.14985,predict_proba
HistGradientBoosting,0.18,15876,1664,1418,1042,0.42357723577235773,0.41527179977682127,0.385070214338507,0.40340689121176926,0.39220114423366453,0.5764227642276423,0.09486887115165336,1107400,0.1353,predict_proba
HistGradientBoosting,0.19,16088,1452,1466,994,0.4040650406504065,0.4045254761517174,0.4063777596075225,0.40521810028536487,0.40591310029402156,0.5959349593495935,0.08278221208665906,1178200,0.1223,predict_proba
HistGradientBoosting,0.2,16256,1284,1501,959,0.38983739837398373,0.39683853347678555,0.427552385198395,0.40782479268551985,0.4194366689993002,0.6101626016260162,0.07320410490307867,1241900,0.11215,predict_proba
HistGradientBoosting,0.21,16400,1140,1533,927,0.37682926829268293,0.3892668178382464,0.44847605224963716,0.4095427435387674,0.4320469798657718,0.6231707317073171,0.06499429874572406,1291500,0.10335,predict_proba
HistGradientBoosting,0.22,16526,1014,1571,889,0.3613821138211382,0.37852337562803373,0.46715712033631107,0.4075177630071052,0.44132247815726766,0.6386178861788618,0.05781071835803877,1309900,0.09515,predict_proba
HistGradientBoosting,0.23,16629,911,1604,856,0.34796747967479674,0.36874299991384507,0.4844368986983588,0.4050153773361722,0.44920235096557515,0.6520325203252032,0.05193842645381984,1320100,0.08835,predict_proba
HistGradientBoosting,0.24,16729,811,1634,826,0.3357723577235772,0.3598501350527141,0.5045815516188149,0.40322186966072737,0.45848134991119005,0.6642276422764227,0.046237172177879135,1335100,0.08185,predict_proba
HistGradientBoosting,0.25,16797,743,1657,803,0.32642276422764227,0.3526260319690848,0.5194049159120311,0.40089865202196706,0.4644840351689033,0.6735772357723577,0.04236031927023945,1338800,0.0773,predict_proba
HistGradientBoosting,0.26,16866,674,1671,789,0.3207317073170732,0.34902238343802533,0.5393028024606972,0.40224318123884784,0.47461501443695864,0.6792682926829269,0.03842645381984036,1365900,0.07315,predict_proba
HistGradientBoosting,0.27,16927,613,1691,769,0.3126016260162602,0.3426305471395473,0.5564399421128798,0.40031233732431026,0.4813470205307962,0.6873983739837398,0.03494868871151653,1370800,0.0691,predict_proba
HistGradientBoosting,0.28,16974,566,1704,756,0.3073170731707317,0.33864898763662427,0.5718608169440242,0.39978847170809095,0.48786783686112545,0.6926829268292682,0.0322690992018244,1380600,0.0661,predict_proba
HistGradientBoosting,0.29,17019,521,1717,743,0.3020325203252033,0.33456412103746397,0.5878164556962026,0.39903329752953814,0.4942788717402874,0.6979674796747968,0.029703534777651083,1388600,0.0632,predict_proba
HistGradientBoosting,0.3,17061,479,1725,735,0.29878048780487804,0.3324588384295278,0.6054365733113674,0.4001088731627654,0.5023236741388737,0.7012195121951219,0.027309007981755985,1406400,0.0607,predict_proba
HistGradientBoosting,0.31,17090,450,1740,720,0.2926829268292683,0.32697547683923706,0.6153846153846154,0.39669421487603307,0.5042016806722689,0.7073170731707317,0.02565564424173318,1395000,0.0585,predict_proba
HistGradientBoosting,0.32,17121,419,1748,712,0.2894308943089431,0.32449184212924986,0.6295313881520778,0.3965469228627123,0.5097365406643757,0.7105691056910569,0.02388825541619156,1402900,0.05655,predict_proba
HistGradientBoosting,0.33,17157,383,1756,704,0.2861788617886179,0.32213782373936123,0.6476540938362465,0.39695517338596,0.5170387779083431,0.7138211382113822,0.021835803876852907,1415300,0.05435,predict_proba
HistGradientBoosting,0.34,17187,353,1765,695,0.28252032520325204,0.31915870683321085,0.6631679389312977,0.3962371721778791,0.5223992784125076,0.717479674796748,0.020125427594070697,1419800,0.0524,predict_proba
HistGradientBoosting,0.35,17204,336,1776,684,0.2780487804878049,0.3149171270718232,0.6705882352941176,0.3931034482758621,0.5229357798165137,0.7219512195121951,0.019156214367160775,1407600,0.051,predict_proba
HistGradientBoosting,0.36,17224,316,1780,680,0.2764227642276423,0.3137689184200812,0.6827309236947792,0.39351851851851855,0.5276225946617008,0.7235772357723578,0.018015963511972634,1415600,0.0498,predict_proba
HistGradientBoosting,0.37,17243,297,1786,674,0.2739837398373984,0.3117195449079641,0.694129763130793,0.39288837073739435,0.5312105926860026,0.7260162601626017,0.016932725199543898,1417700,0.04855,predict_proba
HistGradientBoosting,0.38,17262,278,1791,669,0.27195121951219514,0.3100954853063873,0.706441393875396,0.3927208687995304,0.535371318822023,0.7280487804878049,0.015849486887115165,1422300,0.04735,predict_proba
HistGradientBoosting,0.39,17278,262,1798,662,0.26910569105691057,0.30750650315867706,0.7164502164502164,0.3912529550827423,0.5376868096166342,0.7308943089430894,0.014937286202964653,1419200,0.0462,predict_proba
HistGradientBoosting,0.4,17295,245,1804,656,0.26666666666666666,0.3053719392980169,0.7280799112097669,0.3903600119012199,0.5408970976253298,0.7333333333333333,0.013968072976054732,1419500,0.04505,predict_proba
HistGradientBoosting,0.41,17311,229,1814,646,0.26260162601626014,0.3014465702286514,0.7382857142857143,0.38740629685157424,0.5419463087248322,0.7373983739837399,0.01305587229190422,1408900,0.04375,predict_proba
HistGradientBoosting,0.42,17322,218,1817,643,0.2613821138211382,0.30043921128866463,0.7468060394889663,0.3872327612165011,0.5445460704607046,0.7386178861788618,0.012428734321550741,1411300,0.04305,predict_proba
HistGradientBoosting,0.43,17337,203,1819,641,0.2605691056910569,0.2999812804193186,0.759478672985782,0.3880145278450363,0.5491775188485264,0.739430894308943,0.011573546180159634,1419800,0.0422,predict_proba
HistGradientBoosting,0.44,17348,192,1825,635,0.258130081300813,0.29764694853285834,0.7678355501813785,0.38637055065409187,0.5504507628294036,0.741869918699187,0.010946408209806158,1414700,0.04135,predict_proba
HistGradientBoosting,0.45,17358,182,1828,632,0.25691056910569104,0.2966022151304674,0.7764127764127764,0.3860720830788027,0.5528341497550735,0.7430894308943089,0.010376282782212087,1416200,0.0407,predict_proba
HistGradientBoosting,0.46,17373,167,1833,627,0.2548780487804878,0.2948091028775625,0.7896725440806045,0.38537185003073143,0.5562455642299503,0.7451219512195122,0.00952109464082098,1417200,0.0397,predict_proba
HistGradientBoosting,0.47,17377,163,1836,624,0.25365853658536586,0.29359179448574385,0.7928843710292249,0.38435478903603326,0.5563480741797432,0.7463414634146341,0.009293044469783353,1413300,0.03935,predict_proba
HistGradientBoosting,0.48,17383,157,1840,620,0.25203252032520324,0.29198455307525667,0.797940797940798,0.3830707445165277,0.5567528735632183,0.7479674796747967,0.00895096921322691,1408700,0.03885,predict_proba
HistGradientBoosting,0.49,17393,147,1844,616,0.25040650406504067,0.2904838253324531,0.8073394495412844,0.3822525597269625,0.5587808417997098,0.7495934959349594,0.008380843785632839,1407700,0.03815,predict_proba
HistGradientBoosting,0.5,17400,140,1846,614,0.24959349593495936,0.2897866717009628,0.8143236074270557,0.3820784069695084,0.5606281957633309,0.7504065040650406,0.00798175598631699,1409000,0.0377,predict_proba
HistGradientBoosting,0.51,17405,135,1851,609,0.2475609756097561,0.2876984126984127,0.8185483870967742,0.3801498127340824,0.5601545253863135,0.7524390243902439,0.007696693272519955,1401000,0.0372,predict_proba
HistGradientBoosting,0.52,17414,126,1857,603,0.2451219512195122,0.2852682372977576,0.8271604938271605,0.3781749764816557,0.5608258928571429,0.7548780487804878,0.007183580387685291,1394100,0.03645,predict_proba
HistGradientBoosting,0.53,17421,119,1860,600,0.24390243902439024,0.28411781418694954,0.8344923504867872,0.3774771940861906,0.5622188905547226,0.7560975609756098,0.006784492588369441,1392900,0.03595,predict_proba
HistGradientBoosting,0.54,17431,109,1862,598,0.24308943089430896,0.28349293638001327,0.8458274398868458,0.37764445847805495,0.5654311649016641,0.7569105691056911,0.006214367160775371,1396900,0.03535,predict_proba
HistGradientBoosting,0.55,17436,104,1864,596,0.24227642276422764,0.2827324478178368,0.8514285714285714,0.37721518987341773,0.5665399239543726,0.7577235772357723,0.005929304446978335,1396400,0.035,predict_proba
HistGradientBoosting,0.56,17438,102,1865,595,0.241869918699187,0.28233842649710544,0.8536585365853658,0.376940133037694,0.5668826219512195,0.758130081300813,0.005815279361459521,1395700,0.03485,predict_proba
HistGradientBoosting,0.57,17442,98,1869,591,0.24024390243902438,0.2806534333744895,0.8577648766328012,0.3753572562718323,0.5665260736196319,0.7597560975609756,0.005587229190421893,1389300,0.03445,predict_proba
HistGradientBoosting,0.58,17445,95,1876,584,0.23739837398373984,0.2775929270843236,0.8600883652430045,0.37209302325581395,0.5641421947449768,0.7626016260162601,0.005416191562143672,1374500,0.03395,predict_proba
HistGradientBoosting,0.59,17449,91,1878,582,0.23658536585365852,0.2768001521925235,0.8647845468053492,0.37152888605170764,0.5648291925465838,0.7634146341463415,0.005188141391106044,1373100,0.03365,predict_proba
HistGradientBoosting,0.6,17453,87,1884,576,0.23414634146341465,0.27420736932305056,0.8687782805429864,0.3688760806916426,0.5633802816901409,0.7658536585365854,0.004960091220068415,1361700,0.03315,predict_proba
HistGradientBoosting,0.61,17458,82,1887,573,0.2329268292682927,0.27298713673177705,0.8748091603053435,0.36789727126805777,0.5639763779527559,0.7670731707317073,0.004675028506271379,1358700,0.03275,predict_proba
HistGradientBoosting,0.62,17465,75,1895,565,0.22967479674796748,0.2695610687022901,0.8828125,0.36451612903225805,0.5627490039840638,0.7703252032520326,0.00427594070695553,1345000,0.032,predict_proba
HistGradientBoosting,0.63,17471,69,1898,562,0.22845528455284553,0.268360233024544,0.8906497622820919,0.36363636363636365,0.5638041733547352,0.7715447154471544,0.003933865450399088,1342900,0.03155,predict_proba
HistGradientBoosting,0.64,17474,66,1900,560,0.22764227642276422,0.26753296388304987,0.8945686900958466,0.36292935839274143,0.5640612409347301,0.7723577235772358,0.0037628278221208664,1340600,0.0313,predict_proba
HistGradientBoosting,0.65,17478,62,1908,552,0.22439024390243903,0.26401377463171993,0.8990228013029316,0.3591411841249187,0.5614320585842149,0.775609756097561,0.0035347776510832383,1324200,0.0307,predict_proba
HistGradientBoosting,0.66,17483,57,1911,549,0.22317073170731708,0.2627800114876508,0.905940594059406,0.35812133072407043,0.562039312039312,0.776829268292683,0.003249714937286203,1321200,0.0303,predict_proba
HistGradientBoosting,0.67,17486,54,1918,542,0.22032520325203253,0.2596780375622844,0.9093959731543624,0.35471204188481675,0.5594549958711809,0.7796747967479675,0.0030786773090079817,1306400,0.0298,predict_proba
HistGradientBoosting,0.68,17491,49,1922,538,0.2186991869918699,0.2579840797928455,0.9165247018739353,0.3531342303905481,0.5594841930116472,0.78130081300813,0.0027936145952109463,1300900,0.02935,predict_proba
HistGradientBoosting,0.69,17494,46,1926,534,0.21707317073170732,0.2562380038387716,0.9206896551724137,0.3513157894736842,0.5585774058577406,0.7829268292682927,0.002622576966932725,1293600,0.029,predict_proba
HistGradientBoosting,0.7,17498,42,1929,531,0.21585365853658536,0.2549697493517718,0.9267015706806283,0.35014836795252224,0.5587121212121212,0.7841463414634147,0.002394526795895097,1289700,0.02865,predict_proba
HistGradientBoosting,0.71,17501,39,1938,522,0.2121951219512195,0.25093740986443613,0.93048128342246,0.3455809334657398,0.5548469387755102,0.7878048780487805,0.0022234891676168756,1269900,0.02805,predict_proba
HistGradientBoosting,0.72,17504,36,1945,515,0.20934959349593496,0.2478106053315369,0.9346642468239564,0.34207904350714047,0.5521012006861064,0.790650406504065,0.0020524515393386543,1255100,0.02755,predict_proba
HistGradientBoosting,0.73,17507,33,1951,509,0.20691056910569106,0.24513581198227702,0.9391143911439115,0.3391072618254497,0.549913569576491,0.7930894308943089,0.0018814139110604332,1242800,0.0271,predict_proba
HistGradientBoosting,0.74,17509,31,1957,503,0.20447154471544715,0.24243300559090034,0.9419475655430711,0.3360053440213761,0.5472149695387293,0.7955284552845528,0.0017673888255416192,1229600,0.0267,predict_proba
HistGradientBoosting,0.75,17513,27,1966,494,0.2008130081300813,0.2383939774153074,0.9481765834932822,0.33143240523314327,0.5435739436619719,0.7991869918699187,0.0015393386545039908,1210700,0.02605,predict_proba
HistGradientBoosting,0.76,17517,23,1974,486,0.1975609756097561,0.23480529519760363,0.9548133595284872,0.32738295722465477,0.5404804270462633,0.802439024390244,0.0013112884834663625,1194300,0.02545,predict_proba
HistGradientBoosting,0.77,17522,18,1987,473,0.19227642276422766,0.2289226599554738,0.9633401221995926,0.3205692985428668,0.5345840867992767,0.8077235772357724,0.0010262257696693272,1166300,0.02455,predict_proba
HistGradientBoosting,0.78,17523,17,1997,463,0.18821138211382113,0.2243217054263566,0.9645833333333333,0.3149659863945578,0.5285388127853882,0.8117886178861788,0.0009692132269099202,1142200,0.024,predict_proba
HistGradientBoosting,0.79,17524,16,2013,447,0.18170731707317073,0.21692710860914297,0.9654427645788337,0.3058501539514198,0.5183209647495362,0.8182926829268292,0.0009122006841505131,1103100,0.02315,predict_proba
HistGradientBoosting,0.8,17526,14,2029,431,0.17520325203252032,0.20952843947496355,0.9685393258426966,0.2967297762478485,0.5082547169811321,0.8247967479674797,0.0007981755986316989,1064900,0.02225,predict_proba
HistGradientBoosting,0.81,17528,12,2046,414,0.16829268292682928,0.2016364699006429,0.971830985915493,0.2869022869022869,0.49711815561959655,0.8317073170731707,0.0006841505131128849,1024200,0.0213,predict_proba
HistGradientBoosting,0.82,17528,12,2067,393,0.1597560975609756,0.191800878477306,0.9703703703703703,0.2743455497382199,0.48161764705882354,0.8402439024390244,0.0006841505131128849,971700,0.02025,predict_proba
HistGradientBoosting,0.83,17529,11,2080,380,0.15447154471544716,0.18571009676473463,0.9718670076726342,0.26657313223430373,0.4721669980119284,0.8455284552845529,0.0006271379703534777,940100,0.01955,predict_proba
HistGradientBoosting,0.84,17532,8,2108,352,0.14308943089430895,0.17254901960784313,0.9777777777777777,0.24964539007092199,0.4512820512820513,0.8569105691056911,0.00045610034207525655,872800,0.018,predict_proba
HistGradientBoosting,0.85,17532,8,2127,333,0.1353658536585366,0.16353992731558786,0.9765395894428153,0.23777222420564084,0.435407949790795,0.8646341463414634,0.00045610034207525655,825300,0.01705,predict_proba
HistGradientBoosting,0.86,17534,6,2169,291,0.11829268292682926,0.14353358981947323,0.9797979797979798,0.21109902067464636,0.3988486842105263,0.8817073170731707,0.00034207525655644244,722100,0.01485,predict_proba
HistGradientBoosting,0.87,17534,6,2195,265,0.10772357723577236,0.13104539610325389,0.977859778597786,0.19406810692054194,0.37387133182844245,0.8922764227642277,0.00034207525655644244,657100,0.01355,predict_proba
HistGradientBoosting,0.88,17536,4,2234,226,0.091869918699187,0.11221449851042702,0.9826086956521739,0.16802973977695168,0.3343195266272189,0.908130081300813,0.00022805017103762827,561400,0.0115,predict_proba
HistGradientBoosting,0.89,17538,2,2269,191,0.07764227642276422,0.0951858865743048,0.9896373056994818,0.14398793818318883,0.29548267326732675,0.9223577235772358,0.00011402508551881414,475700,0.00965,predict_proba
HistGradientBoosting,0.9,17539,1,2299,161,0.06544715447154471,0.08048390321935613,0.9938271604938271,0.12280701754385964,0.25900900900900903,0.9345528455284553,5.701254275940707e-05,401600,0.0081,predict_proba
GradientBoosting,0.01,0,17540,0,2460,1.0,0.4121983914209115,0.123,0.21905609973285842,0.14916323065728837,0.0,1.0,-9636000,1.0,predict_proba
GradientBoosting,0.02,70,17470,0,2460,1.0,0.4131676184077931,0.12343201204214752,0.21974095578383207,0.14967145290825018,0.0,0.9960091220068416,-9573000,0.9965,predict_proba
GradientBoosting,0.03,885,16655,20,2440,0.991869918699187,0.42163469846207013,0.1277821419219691,0.22639758756668987,0.15474378488077117,0.008130081300813009,0.9495438996579247,-8889500,0.95475,predict_proba
GradientBoosting,0.04,2404,15136,68,2392,0.9723577235772358,0.4370067231803566,0.13646736649931537,0.2393436061636982,0.16480185195392164,0.027642276422764227,0.8629418472063854,-7642400,0.8764,predict_proba
GradientBoosting,0.05,4272,13268,161,2299,0.9345528455284553,0.4524343684811272,0.14768420376437336,0.255061851666944,0.1775892967494747,0.06544715447154471,0.7564424173318129,-6193700,0.77835,predict_proba
GradientBoosting,0.06,6192,11348,256,2204,0.8959349593495934,0.47110123119015046,0.1626328217237308,0.2752935298526105,0.19446601256441026,0.1040650406504065,0.6469783352337515,-4703200,0.6776,predict_proba
GradientBoosting,0.07,7919,9621,380,2080,0.8455284552845529,0.4828002414001207,0.1777625843944962,0.29376456464938916,0.2111075024358558,0.15447154471544716,0.5485176738882555,-3458900,0.58505,predict_proba
GradientBoosting,0.08,9487,8053,513,1947,0.7914634146341464,0.49067540322580644,0.1947,0.31252006420545747,0.22927461139896374,0.20853658536585365,0.4591220068415051,-2380200,0.5,predict_proba
GradientBoosting,0.09,10736,6804,634,1826,0.7422764227642277,0.49431510557661074,0.2115874855156431,0.32930568079350764,0.24689021092482422,0.2577235772357724,0.3879133409350057,-1558600,0.4315,predict_proba
GradientBoosting,0.1,11799,5741,752,1708,0.6943089430894309,0.49395569437214415,0.22929252248623977,0.34473710767988697,0.2647569444444444,0.3056910569105691,0.327309007981756,-896900,0.37245,predict_proba
GradientBoosting,0.11,12668,4872,859,1601,0.6508130081300812,0.49071292833936125,0.24733508419589062,0.35844621067950294,0.2823433972911964,0.3491869918699187,0.2777651083238312,-382300,0.32365,predict_proba
GradientBoosting,0.12,13411,4129,957,1503,0.6109756097560975,0.4857161323681489,0.2668678977272727,0.37147800296589223,0.3007443572914999,0.38902439024390245,0.2354047890535918,41400,0.2816,predict_proba
GradientBoosting,0.13,14043,3497,1063,1397,0.5678861788617886,0.47407357133161393,0.2854515733551287,0.3799292901822138,0.316981303321837,0.4321138211382114,0.19937286202964652,345200,0.2447,predict_proba
GradientBoosting,0.14,14532,3008,1151,1309,0.5321138211382114,0.46231546231546233,0.3032198285846653,0.3863066253504501,0.33176196269261965,0.4678861788617886,0.17149372862029647,565300,0.21585,predict_proba
GradientBoosting,0.15,14960,2580,1223,1237,0.5028455284552845,0.45288130628981477,0.32407649986900705,0.3941373267484467,0.34888312274368233,0.4971544715447154,0.14709236031927023,770500,0.19085,predict_proba
GradientBoosting,0.16,15316,2224,1295,1165,0.4735772357723577,0.44032050797490363,0.34375922100914724,0.3983586937938109,0.3636988011988012,0.5264227642276422,0.12679589509692132,910900,0.16945,predict_proba
GradientBoosting,0.17,15639,1901,1364,1096,0.44552845528455287,0.4268910181506583,0.365699032365699,0.40168590800806303,0.37929125138427466,0.5544715447154471,0.10838084378563284,1029100,0.14985,predict_proba
GradientBoosting,0.18,15876,1664,1418,1042,0.42357723577235773,0.41527179977682127,0.385070214338507,0.40340689121176926,0.39220114423366453,0.5764227642276423,0.09486887115165336,1107400,0.1353,predict_proba
GradientBoosting,0.19,16088,1452,1466,994,0.4040650406504065,0.4045254761517174,0.4063777596075225,0.40521810028536487,0.40591310029402156,0.5959349593495935,0.08278221208665906,1178200,0.1223,predict_proba
GradientBoosting,0.2,16256,1284,1501,959,0.38983739837398373,0.39683853347678555,0.427552385198395,0.40782479268551985,0.4194366689993002,0.6101626016260162,0.07320410490307867,1241900,0.11215,predict_proba
GradientBoosting,0.21,16400,1140,1533,927,0.37682926829268293,0.3892668178382464,0.44847605224963716,0.4095427435387674,0.4320469798657718,0.6231707317073171,0.06499429874572406,1291500,0.10335,predict_proba
GradientBoosting,0.22,16526,1014,1571,889,0.3613821138211382,0.37852337562803373,0.46715712033631107,0.4075177630071052,0.44132247815726766,0.6386178861788618,0.05781071835803877,1309900,0.09515,predict_proba
GradientBoosting,0.23,16629,911,1604,856,0.34796747967479674,0.36874299991384507,0.4844368986983588,0.4050153773361722,0.44920235096557515,0.6520325203252032,0.05193842645381984,1320100,0.08835,predict_proba
GradientBoosting,0.24,16729,811,1634,826,0.3357723577235772,0.3598501350527141,0.5045815516188149,0.40322186966072737,0.45848134991119005,0.6642276422764227,0.046237172177879135,1335100,0.08185,predict_proba
GradientBoosting,0.25,16797,743,1657,803,0.32642276422764227,0.3526260319690848,0.5194049159120311,0.40089865202196706,0.4644840351689033,0.6735772357723577,0.04236031927023945,1338800,0.0773,predict_proba
GradientBoosting,0.26,16866,674,1671,789,0.3207317073170732,0.34902238343802533,0.5393028024606972,0.40224318123884784,0.47461501443695864,0.6792682926829269,0.03842645381984036,1365900,0.07315,predict_proba
GradientBoosting,0.27,16927,613,1691,769,0.3126016260162602,0.3426305471395473,0.5564399421128798,0.40031233732431026,0.4813470205307962,0.6873983739837398,0.03494868871151653,1370800,0.0691,predict_proba
GradientBoosting,0.28,16974,566,1704,756,0.3073170731707317,0.33864898763662427,0.5718608169440242,0.39978847170809095,0.48786783686112545,0.6926829268292682,0.0322690992018244,1380600,0.0661,predict_proba
GradientBoosting,0.29,17019,521,1717,743,0.3020325203252033,0.33456412103746397,0.5878164556962026,0.39903329752953814,0.4942788717402874,0.6979674796747968,0.029703534777651083,1388600,0.0632,predict_proba
GradientBoosting,0.3,17061,479,1725,735,0.29878048780487804,0.3324588384295278,0.6054365733113674,0.4001088731627654,0.5023236741388737,0.7012195121951219,0.027309007981755985,1406400,0.0607,predict_proba
GradientBoosting,0.31,17090,450,1740,720,0.2926829268292683,0.32697547683923706,0.6153846153846154,0.39669421487603307,0.5042016806722689,0.7073170731707317,0.02565564424173318,1395000,0.0585,predict_proba
GradientBoosting,0.32,17121,419,1748,712,0.2894308943089431,0.32449184212924986,0.6295313881520778,0.3965469228627123,0.5097365406643757,0.7105691056910569,0.02388825541619156,1402900,0.05655,predict_proba
GradientBoosting,0.33,17157,383,1756,704,0.2861788617886179,0.32213782373936123,0.6476540938362465,0.39695517338596,0.5170387779083431,0.7138211382113822,0.021835803876852907,1415300,0.05435,predict_proba
GradientBoosting,0.34,17187,353,1765,695,0.28252032520325204,0.31915870683321085,0.6631679389312977,0.3962371721778791,0.5223992784125076,0.717479674796748,0.020125427594070697,1419800,0.0524,predict_proba
GradientBoosting,0.35,17204,336,1776,684,0.2780487804878049,0.3149171270718232,0.6705882352941176,0.3931034482758621,0.5229357798165137,0.7219512195121951,0.019156214367160775,1407600,0.051,predict_proba
GradientBoosting,0.36,17224,316,1780,680,0.2764227642276423,0.3137689184200812,0.6827309236947792,0.39351851851851855,0.5276225946617008,0.7235772357723578,0.018015963511972634,1415600,0.0498,predict_proba
GradientBoosting,0.37,17243,297,1786,674,0.2739837398373984,0.3117195449079641,0.694129763130793,0.39288837073739435,0.5312105926860026,0.7260162601626017,0.016932725199543898,1417700,0.04855,predict_proba
GradientBoosting,0.38,17262,278,1791,669,0.27195121951219514,0.3100954853063873,0.706441393875396,0.3927208687995304,0.535371318822023,0.7280487804878049,0.015849486887115165,1422300,0.04735,predict_proba
GradientBoosting,0.39,17278,262,1798,662,0.26910569105691057,0.30750650315867706,0.7164502164502164,0.3912529550827423,0.5376868096166342,0.7308943089430894,0.014937286202964653,1419200,0.0462,predict_proba
GradientBoosting,0.4,17295,245,1804,656,0.26666666666666666,0.3053719392980169,0.7280799112097669,0.3903600119012199,0.5408970976253298,0.7333333333333333,0.013968072976054732,1419500,0.04505,predict_proba
GradientBoosting,0.41,17311,229,1814,646,0.26260162601626014,0.3014465702286514,0.7382857142857143,0.38740629685157424,0.5419463087248322,0.7373983739837399,0.01305587229190422,1408900,0.04375,predict_proba
GradientBoosting,0.42,17322,218,1817,643,0.2613821138211382,0.30043921128866463,0.7468060394889663,0.3872327612165011,0.5445460704607046,0.7386178861788618,0.012428734321550741,1411300,0.04305,predict_proba
GradientBoosting,0.43,17337,203,1819,641,0.2605691056910569,0.2999812804193186,0.759478672985782,0.3880145278450363,0.5491775188485264,0.739430894308943,0.011573546180159634,1419800,0.0422,predict_proba
GradientBoosting,0.44,17348,192,1825,635,0.258130081300813,0.29764694853285834,0.7678355501813785,0.38637055065409187,0.5504507628294036,0.741869918699187,0.010946408209806158,1414700,0.04135,predict_proba
GradientBoosting,0.45,17358,182,1828,632,0.25691056910569104,0.2966022151304674,0.7764127764127764,0.3860720830788027,0.5528341497550735,0.7430894308943089,0.010376282782212087,1416200,0.0407,predict_proba
GradientBoosting,0.46,17373,167,1833,627,0.2548780487804878,0.2948091028775625,0.7896725440806045,0.38537185003073143,0.5562455642299503,0.7451219512195122,0.00952109464082098,1417200,0.0397,predict_proba
GradientBoosting,0.47,17377,163,1836,624,0.25365853658536586,0.29359179448574385,0.7928843710292249,0.38435478903603326,0.5563480741797432,0.7463414634146341,0.009293044469783353,1413300,0.03935,predict_proba
GradientBoosting,0.48,17383,157,1840,620,0.25203252032520324,0.29198455307525667,0.797940797940798,0.3830707445165277,0.5567528735632183,0.7479674796747967,0.00895096921322691,1408700,0.03885,predict_proba
GradientBoosting,0.49,17393,147,1844,616,0.25040650406504067,0.2904838253324531,0.8073394495412844,0.3822525597269625,0.5587808417997098,0.7495934959349594,0.008380843785632839,1407700,0.03815,predict_proba
GradientBoosting,0.5,17400,140,1846,614,0.24959349593495936,0.2897866717009628,0.8143236074270557,0.3820784069695084,0.5606281957633309,0.7504065040650406,0.00798175598631699,1409000,0.0377,predict_proba
GradientBoosting,0.51,17405,135,1851,609,0.2475609756097561,0.2876984126984127,0.8185483870967742,0.3801498127340824,0.5601545253863135,0.7524390243902439,0.007696693272519955,1401000,0.0372,predict_proba
GradientBoosting,0.52,17414,126,1857,603,0.2451219512195122,0.2852682372977576,0.8271604938271605,0.3781749764816557,0.5608258928571429,0.7548780487804878,0.007183580387685291,1394100,0.03645,predict_proba
GradientBoosting,0.53,17421,119,1860,600,0.24390243902439024,0.28411781418694954,0.8344923504867872,0.3774771940861906,0.5622188905547226,0.7560975609756098,0.006784492588369441,1392900,0.03595,predict_proba
GradientBoosting,0.54,17431,109,1862,598,0.24308943089430896,0.28349293638001327,0.8458274398868458,0.37764445847805495,0.5654311649016641,0.7569105691056911,0.006214367160775371,1396900,0.03535,predict_proba
GradientBoosting,0.55,17436,104,1864,596,0.24227642276422764,0.2827324478178368,0.8514285714285714,0.37721518987341773,0.5665399239543726,0.7577235772357723,0.005929304446978335,1396400,0.035,predict_proba
GradientBoosting,0.56,17438,102,1865,595,0.241869918699187,0.28233842649710544,0.8536585365853658,0.376940133037694,0.5668826219512195,0.758130081300813,0.005815279361459521,1395700,0.03485,predict_proba
GradientBoosting,0.57,17442,98,1869,591,0.24024390243902438,0.2806534333744895,0.8577648766328012,0.3753572562718323,0.5665260736196319,0.7597560975609756,0.005587229190421893,1389300,0.03445,predict_proba
GradientBoosting,0.58,17445,95,1876,584,0.23739837398373984,0.2775929270843236,0.8600883652430045,0.37209302325581395,0.5641421947449768,0.7626016260162601,0.005416191562143672,1374500,0.03395,predict_proba
GradientBoosting,0.59,17449,91,1878,582,0.23658536585365852,0.2768001521925235,0.8647845468053492,0.37152888605170764,0.5648291925465838,0.7634146341463415,0.005188141391106044,1373100,0.03365,predict_proba
GradientBoosting,0.6,17453,87,1884,576,0.23414634146341465,0.27420736932305056,0.8687782805429864,0.3688760806916426,0.5633802816901409,0.7658536585365854,0.004960091220068415,1361700,0.03315,predict_proba
GradientBoosting,0.61,17458,82,1887,573,0.2329268292682927,0.27298713673177705,0.8748091603053435,0.36789727126805777,0.5639763779527559,0.7670731707317073,0.004675028506271379,1358700,0.03275,predict_proba
GradientBoosting,0.62,17465,75,1895,565,0.22967479674796748,0.2695610687022901,0.8828125,0.36451612903225805,0.5627490039840638,0.7703252032520326,0.00427594070695553,1345000,0.032,predict_proba
GradientBoosting,0.63,17471,69,1898,562,0.22845528455284553,0.268360233024544,0.8906497622820919,0.36363636363636365,0.5638041733547352,0.7715447154471544,0.003933865450399088,1342900,0.03155,predict_proba
GradientBoosting,0.64,17474,66,1900,560,0.22764227642276422,0.26753296388304987,0.8945686900958466,0.36292935839274143,0.5640612409347301,0.7723577235772358,0.0037628278221208664,1340600,0.0313,predict_proba
GradientBoosting,0.65,17478,62,1908,552,0.22439024390243903,0.26401377463171993,0.8990228013029316,0.3591411841249187,0.5614320585842149,0.775609756097561,0.0035347776510832383,1324200,0.0307,predict_proba
GradientBoosting,0.66,17483,57,1911,549,0.22317073170731708,0.2627800114876508,0.905940594059406,0.35812133072407043,0.562039312039312,0.776829268292683,0.003249714937286203,1321200,0.0303,predict_proba
GradientBoosting,0.67,17486,54,1918,542,0.22032520325203253,0.2596780375622844,0.9093959731543624,0.35471204188481675,0.5594549958711809,0.7796747967479675,0.0030786773090079817,1306400,0.0298,predict_proba
GradientBoosting,0.68,17491,49,1922,538,0.2186991869918699,0.2579840797928455,0.9165247018739353,0.3531342303905481,0.5594841930116472,0.78130081300813,0.0027936145952109463,1300900,0.02935,predict_proba
GradientBoosting,0.69,17494,46,1926,534,0.21707317073170732,0.2562380038387716,0.9206896551724137,0.3513157894736842,0.5585774058577406,0.7829268292682927,0.002622576966932725,1293600,0.029,predict_proba
GradientBoosting,0.7,17498,42,1929,531,0.21585365853658536,0.2549697493517718,0.9267015706806283,0.35014836795252224,0.5587121212121212,0.7841463414634147,0.002394526795895097,1289700,0.02865,predict_proba
GradientBoosting,0.71,17501,39,1938,522,0.2121951219512195,0.25093740986443613,0.93048128342246,0.3455809334657398,0.5548469387755102,0.7878048780487805,0.0022234891676168756,1269900,0.02805,predict_proba
GradientBoosting,0.72,17504,36,1945,515,0.20934959349593496,0.2478106053315369,0.9346642468239564,0.34207904350714047,0.5521012006861064,0.790650406504065,0.0020524515393386543,1255100,0.02755,predict_proba
GradientBoosting,0.73,17507,33,1951,509,0.20691056910569106,0.24513581198227702,0.9391143911439115,0.3391072618254497,0.549913569576491,0.7930894308943089,0.0018814139110604332,1242800,0.0271,predict_proba
GradientBoosting,0.74,17509,31,1957,503,0.20447154471544715,0.24243300559090034,0.9419475655430711,0.3360053440213761,0.5472149695387293,0.7955284552845528,0.0017673888255416192,1229600,0.0267,predict_proba
GradientBoosting,0.75,17513,27,1966,494,0.2008130081300813,0.2383939774153074,0.9481765834932822,0.33143240523314327,0.5435739436619719,0.7991869918699187,0.0015393386545039908,1210700,0.02605,predict_proba
GradientBoosting,0.76,17517,23,1974,486,0.1975609756097561,0.23480529519760363,0.9548133595284872,0.32738295722465477,0.5404804270462633,0.802439024390244,0.0013112884834663625,1194300,0.02545,predict_proba
GradientBoosting,0.77,17522,18,1987,473,0.19227642276422766,0.2289226599554738,0.9633401221995926,0.3205692985428668,0.5345840867992767,0.8077235772357724,0.0010262257696693272,1166300,0.02455,predict_proba
GradientBoosting,0.78,17523,17,1997,463,0.18821138211382113,0.2243217054263566,0.9645833333333333,0.3149659863945578,0.5285388127853882,0.8117886178861788,0.0009692132269099202,1142200,0.024,predict_proba
GradientBoosting,0.79,17524,16,2013,447,0.18170731707317073,0.21692710860914297,0.9654427645788337,0.3058501539514198,0.5183209647495362,0.8182926829268292,0.0009122006841505131,1103100,0.02315,predict_proba
GradientBoosting,0.8,17526,14,2029,431,0.17520325203252032,0.20952843947496355,0.9685393258426966,0.2967297762478485,0.5082547169811321,0.8247967479674797,0.0007981755986316989,1064900,0.02225,predict_proba
GradientBoosting,0.81,17528,12,2046,414,0.16829268292682928,0.2016364699006429,0.971830985915493,0.2869022869022869,0.49711815561959655,0.8317073170731707,0.0006841505131128849,1024200,0.0213,predict_proba
GradientBoosting,0.82,17528,12,2067,393,0.1597560975609756,0.191800878477306,0.9703703703703703,0.2743455497382199,0.48161764705882354,0.8402439024390244,0.0006841505131128849,971700,0.02025,predict_proba
GradientBoosting,0.83,17529,11,2080,380,0.15447154471544716,0.18571009676473463,0.9718670076726342,0.26657313223430373,0.4721669980119284,0.8455284552845529,0.0006271379703534777,940100,0.01955,predict_proba
GradientBoosting,0.84,17532,8,2108,352,0.14308943089430895,0.17254901960784313,0.9777777777777777,0.24964539007092199,0.4512820512820513,0.8569105691056911,0.00045610034207525655,872800,0.018,predict_proba
GradientBoosting,0.85,17532,8,2127,333,0.1353658536585366,0.16353992731558786,0.9765395894428153,0.23777222420564084,0.435407949790795,0.8646341463414634,0.00045610034207525655,825300,0.01705,predict_proba
GradientBoosting,0.86,17534,6,2169,291,0.11829268292682926,0.14353358981947323,0.9797979797979798,0.21109902067464636,0.3988486842105263,0.8817073170731707,0.00034207525655644244,722100,0.01485,predict_proba
GradientBoosting,0.87,17534,6,2195,265,0.10772357723577236,0.13104539610325389,0.977859778597786,0.19406810692054194,0.37387133182844245,0.8922764227642277,0.00034207525655644244,657100,0.01355,predict_proba
GradientBoosting,0.88,17536,4,2234,226,0.091869918699187,0.11221449851042702,0.9826086956521739,0.16802973977695168,0.3343195266272189,0.908130081300813,0.00022805017103762827,561400,0.0115,predict_proba
GradientBoosting,0.89,17538,2,2269,191,0.07764227642276422,0.0951858865743048,0.9896373056994818,0.14398793818318883,0.29548267326732675,0.9223577235772358,0.00011402508551881414,475700,0.00965,predict_proba
GradientBoosting,0.9,17539,1,2299,161,0.06544715447154471,0.08048390321935613,0.9938271604938271,0.12280701754385964,0.25900900900900903,0.9345528455284553,5.701254275940707e-05,401600,0.0081,predict_proba
LogisticRegression,0.01,4,17536,0,2460,1.0,0.4122536533047325,0.1230246049209842,0.2190951193444959,0.14919217893357917,0.0,0.9997719498289623,-9632400,0.9998,predict_proba
LogisticRegression,0.02,6,17534,0,2460,1.0,0.4122812898035798,0.123036911073322,0.21911463436358777,0.1492066572856519,0.0,0.9996579247434435,-9630600,0.9997,predict_proba
LogisticRegression,0.03,8,17532,0,2460,1.0,0.412308930008045,0.12304921968787515,0.21913415285943347,0.14922113844810017,0.0,0.9995438996579248,-9628800,0.9996,predict_proba
LogisticRegression,0.04,17,17523,0,2460,1.0,0.41243335680515036,0.12310463894310164,0.21922202914048924,0.14928633847946401,0.0,0.9990307867730901,-9620700,0.99915,predict_proba
LogisticRegression,0.05,31,17509,0,2460,1.0,0.4126270589419303,0.12319094596624769,0.21935886575415756,0.14938787407695298,0.0,0.9982326111744584,-9608100,0.99845,predict_proba
LogisticRegression,0.06,63,17477,0,2460,1.0,0.4130704906471438,0.12338867432412098,0.21967227753717017,0.14962047489295446,0.0,0.9964082098061574,-9579300,0.99685,predict_proba
LogisticRegression,0.07,128,17412,1,2459,0.9995934959349594,0.4138197973814412,0.12374817573348096,0.220231964533608,0.15004149175046372,0.0004065040650406504,0.9927023945267959,-9523300,0.99355,predict_proba
LogisticRegression,0.08,209,17331,1,2459,0.9995934959349594,0.4149510631117111,0.12425467407781708,0.22103370786516854,0.1506370987503063,0.0004065040650406504,0.9880843785632839,-9450400,0.9895,predict_proba
LogisticRegression,0.09,324,17216,6,2454,0.9975609756097561,0.41579125720094884,0.12475851550584646,0.22178038861274288,0.1512201133842741,0.0024390243902439024,0.9815279361459521,-9359400,0.9835,predict_proba
LogisticRegression,0.1,463,17077,9,2451,0.9963414634146341,0.4172909289022065,0.12551208521097912,0.2229397853374568,0.15209998510648862,0.003658536585365854,0.9736031927023945,-9241800,0.9764,predict_proba
LogisticRegression,0.11,613,16927,9,2451,0.9963414634146341,0.41943322609350403,0.1264836412426463,0.22447110541258358,0.15324113439703896,0.003658536585365854,0.9650513112884834,-9106800,0.9689,predict_proba
LogisticRegression,0.12,796,16744,12,2448,0.9951219512195122,0.4216037475888675,0.1275531471446436,0.22612229817106966,0.15449083657292875,0.004878048780487805,0.9546180159635119,-8949600,0.9596,predict_proba
LogisticRegression,0.13,970,16570,14,2446,0.9943089430894309,0.42382866648184087,0.12862852334875893,0.2277891599925498,0.1557485609495186,0.005691056910569106,0.9446978335233751,-8798000,0.9508,predict_proba
LogisticRegression,0.14,1155,16385,20,2440,0.991869918699187,0.4256061398918542,0.1296148738379814,0.22926943857176416,0.15689300411522633,0.008130081300813009,0.9341505131128849,-8646500,0.94125,predict_proba
LogisticRegression,0.15,1408,16132,32,2428,0.9869918699186991,0.42746478873239435,0.13081896551724137,0.23101807802093244,0.15827900912646675,0.013008130081300813,0.9197263397947548,-8448800,0.928,predict_proba
LogisticRegression,0.16,1637,15903,45,2415,0.9817073170731707,0.4288301725974856,0.13183753684900099,0.23245740687265376,0.15944382823641262,0.018292682926829267,0.9066704675028506,-8275200,0.9159,predict_proba
LogisticRegression,0.17,1882,15658,53,2407,0.9784552845528456,0.4312847160007167,0.13324107389980624,0.23454323995127893,0.16106798715203427,0.021544715447154472,0.8927023945267959,-8074700,0.90325,predict_proba
LogisticRegression,0.18,2120,15420,63,2397,0.974390243902439,0.43334418049680007,0.13453443340629737,0.23642550673176504,0.16255696614583334,0.025609756097560974,0.879133409350057,-7885500,0.89085,predict_proba
LogisticRegression,0.19,2397,15143,72,2388,0.9707317073170731,0.4362281246574842,0.1362158462152758,0.23890750837877045,0.1644990631544142,0.02926829268292683,0.8633409350057013,-7658700,0.87655,predict_proba
LogisticRegression,0.2,2672,14868,83,2377,0.9662601626016261,0.4388037659220971,0.13783705421861409,0.2412585638162903,0.16636338185890256,0.03373983739837398,0.8476624857468643,-7438700,0.86225,predict_proba
LogisticRegression,0.21,2954,14586,90,2370,0.9634146341463414,0.44223018360949395,0.1397735314932767,0.24412855377008652,0.16860167321154174,0.036585365853658534,0.8315849486887115,-7202400,0.8478,predict_proba
LogisticRegression,0.22,3274,14266,115,2345,0.9532520325203252,0.44327246606933574,0.14117151285292878,0.2459231293587122,0.1701642865435969,0.046747967479674794,0.8133409350057013,-6976900,0.83055,predict_proba
LogisticRegression,0.23,3563,13977,133,2327,0.9459349593495935,0.44503518971848227,0.14272571148184496,0.24802813898955448,0.17192209941485903,0.0540650406504065,0.7968643101482326,-6761800,0.8152,predict_proba
LogisticRegression,0.24,3867,13673,153,2307,0.9378048780487804,0.4467467079783114,0.14436795994993742,0.2502169197396963,0.17377222054835795,0.06219512195121951,0.7795324971493729,-6538200,0.799,predict_proba
LogisticRegression,0.25,4200,13340,168,2292,0.9317073170731708,0.44990577889447236,0.14662231320368474,0.2533716559805439,0.17634024743029483,0.06829268292682927,0.7605473204104903,-6276000,0.7816,predict_proba
LogisticRegression,0.26,4571,12969,188,2272,0.9235772357723577,0.4529324987041984,0.14907158322944689,0.2567086605276538,0.17911200807265387,0.07642276422764227,0.7393956670467503,-5992100,0.76205,predict_proba
LogisticRegression,0.27,4920,12620,211,2249,0.9142276422764227,0.45509733295560323,0.15125428744367475,0.2595648912228057,0.1815583828468096,0.08577235772357723,0.7194982896237172,-5735500,0.74345,predict_proba
LogisticRegression,0.28,5273,12267,232,2228,0.9056910569105691,0.4577768645983152,0.15370817523283892,0.26281332940135654,0.1843150231634679,0.0943089430894309,0.6993728620296465,-5470300,0.72475,predict_proba
LogisticRegression,0.29,5660,11880,259,2201,0.8947154471544716,0.4600560177250115,0.15630992117037143,0.26612659452270115,0.18721080566140447,0.10528455284552846,0.677309007981756,-5189500,0.70405,predict_proba
LogisticRegression,0.3,6037,11503,288,2172,0.8829268292682927,0.46183287263448863,0.15882998171846435,0.269228385497366,0.1899930020993702,0.11707317073170732,0.6558152793614596,-4922700,0.68375,predict_proba
LogisticRegression,0.31,6429,11111,313,2147,0.8727642276422765,0.4647588535803966,0.16193996077839795,0.27318997327904315,0.1934513082966914,0.12723577235772357,0.633466362599772,-4632400,0.6629,predict_proba
LogisticRegression,0.32,6848,10692,345,2115,0.8597560975609756,0.4669492648032852,0.1651440618411806,0.27706818628414226,0.19697139025480553,0.1402439024390244,0.6095781071835804,-4335300,0.64035,predict_proba
LogisticRegression,0.33,7255,10285,376,2084,0.8471544715447155,0.4691791616011527,0.16848573045517018,0.28107087463753455,0.20063154651879236,0.15284552845528454,0.5863740022805017,-4046500,0.61845,predict_proba
LogisticRegression,0.34,7665,9875,401,2059,0.8369918699186992,0.47281161017727563,0.17253226076755487,0.28609142698346535,0.20509602358753687,0.1630081300813008,0.5629988597491448,-3740000,0.5967,predict_proba
LogisticRegression,0.35,8049,9491,445,2015,0.8191056910569106,0.47198538367844095,0.17512602120632714,0.2885579263926679,0.2078005115089514,0.18089430894308944,0.5411060433295325,-3504400,0.5753,predict_proba
LogisticRegression,0.36,8478,9062,477,1983,0.8060975609756098,0.4747426382571223,0.17953825260298778,0.2936690114772307,0.21258576329331047,0.19390243902439025,0.5166476624857469,-3198300,0.55225,predict_proba
LogisticRegression,0.37,8878,8662,504,1956,0.7951219512195122,0.4780525955616385,0.1842154831418346,0.29912830708059335,0.21766224517047983,0.2048780487804878,0.493842645381984,-2905800,0.5309,predict_proba
LogisticRegression,0.38,9265,8275,537,1923,0.7817073170731708,0.47983830721628906,0.18856638556579722,0.30383946911044396,0.2223018588735781,0.21829268292682927,0.4717787913340935,-2640000,0.5099,predict_proba
LogisticRegression,0.39,9643,7897,578,1882,0.765040650406504,0.47963708649778275,0.1924532160752633,0.3075414658060299,0.22633249951895323,0.23495934959349593,0.4502280501710376,-2402300,0.48895,predict_proba
LogisticRegression,0.4,10037,7503,611,1849,0.7516260162601626,0.4817111296373489,0.19771171941830623,0.31307145275990517,0.23189023778468948,0.2483739837398374,0.42776510832383124,-2130200,0.4676,predict_proba
LogisticRegression,0.41,10438,7102,649,1811,0.7361788617886179,0.48285607636111555,0.20318635700661955,0.31847357777191593,0.2375892107472712,0.2638211382113821,0.404903078677309,-1864300,0.44565,predict_proba
LogisticRegression,0.42,10797,6743,684,1776,0.7219512195121951,0.48368647529821884,0.20847517314238762,0.32352673285362965,0.24304795270418217,0.2780487804878049,0.38443557582668186,-1628700,0.42595,predict_proba
LogisticRegression,0.43,11185,6355,736,1724,0.7008130081300813,0.48105363022490094,0.21339274662705782,0.3271657652528703,0.24787209569818267,0.2991869918699187,0.36231470923603193,-1409500,0.40395,predict_proba
LogisticRegression,0.44,11580,5960,768,1692,0.6878048780487804,0.4836496684198491,0.2211186617877679,0.3346518987341772,0.25583645820733036,0.3121951219512195,0.33979475484606614,-1134000,0.3826,predict_proba
LogisticRegression,0.45,11925,5615,801,1659,0.6743902439024391,0.484690896342176,0.228072587297223,0.34086706389973287,0.262866015971606,0.325609756097561,0.3201254275940707,-906000,0.3637,predict_proba
LogisticRegression,0.46,12244,5296,836,1624,0.6601626016260163,0.48448687350835323,0.23468208092485549,0.34626865671641793,0.26940942269409424,0.33983739837398375,0.30193842645381985,-706400,0.346,predict_proba
LogisticRegression,0.47,12560,4980,879,1581,0.6426829268292683,0.4819828059264679,0.24096936442615455,0.35051546391752575,0.27539715719063546,0.3573170731707317,0.2839224629418472,-529500,0.32805,predict_proba
LogisticRegression,0.48,12859,4681,921,1539,0.625609756097561,0.47914072229140725,0.24742765273311898,0.3546082949308756,0.2814557425018288,0.374390243902439,0.2668757126567845,-365400,0.311,predict_proba
LogisticRegression,0.49,13169,4371,960,1500,0.6097560975609756,0.4773725415314111,0.2554931016862545,0.3601008282319049,0.28908418131359853,0.3902439024390244,0.2492018244013683,-183900,0.29355,predict_proba
LogisticRegression,0.5,13467,4073,1008,1452,0.5902439024390244,0.47250244061178004,0.26280542986425337,0.3636819035691922,0.2956026058631922,0.4097560975609756,0.23221208665906498,-35700,0.27625,predict_proba
LogisticRegression,0.51,13733,3807,1038,1422,0.5780487804878048,0.4718295839139956,0.2719449225473322,0.369879047990636,0.30415811088295686,0.4219512195121951,0.2170467502850627,128700,0.26145,predict_proba
LogisticRegression,0.52,13996,3544,1075,1385,0.5630081300813008,0.46888753470106304,0.2809900588354636,0.37488158072810934,0.312274531024531,0.4369918699186992,0.20205245153933865,272900,0.24645,predict_proba
LogisticRegression,0.53,14233,3307,1121,1339,0.5443089430894309,0.46217037139306916,0.28820490744726646,0.37686462144666477,0.31814293860482795,0.4556910569105691,0.1885404789053592,371200,0.2323,predict_proba
LogisticRegression,0.54,14454,3086,1154,1306,0.5308943089430894,0.45882518268690275,0.29735883424408016,0.3812025685931115,0.3260435390453365,0.4691056910569106,0.1759407069555302,487600,0.2196,predict_proba
LogisticRegression,0.55,14678,2862,1182,1278,0.5195121951219512,0.4570815450643777,0.30869565217391304,0.38727272727272727,0.3359621451104101,0.48048780487804876,0.16316989737742305,619200,0.207,predict_proba
LogisticRegression,0.56,14890,2650,1223,1237,0.5028455284552845,0.4505718656662053,0.3182402881399537,0.3897904521821333,0.3434584629053754,0.4971544715447154,0.15108323831242873,707500,0.19435,predict_proba
LogisticRegression,0.57,15074,2466,1251,1209,0.49146341463414633,0.44728079911209767,0.3289795918367347,0.3941320293398533,0.3522727272727273,0.5085365853658537,0.14059293044469784,803100,0.18375,predict_proba
LogisticRegression,0.58,15255,2285,1294,1166,0.4739837398373984,0.43864269054247235,0.3378730802665894,0.3945186939604128,0.3584604033448106,0.5260162601626016,0.13027366020524517,858500,0.17255,predict_proba
LogisticRegression,0.59,15434,2106,1326,1134,0.4609756097560976,0.4334862385321101,0.35,0.39789473684210525,0.36770428015564205,0.5390243902439025,0.12006841505131129,939600,0.162,predict_proba
LogisticRegression,0.6,15591,1949,1361,1099,0.4467479674796748,0.42636561142147733,0.36056430446194226,0.3990559186637618,0.37503412503412503,0.5532520325203252,0.11111744583808437,993400,0.1524,predict_proba
LogisticRegression,0.61,15758,1782,1387,1073,0.43617886178861787,0.4226073257187869,0.37583187390542905,0.4037629350893697,0.3865273775216138,0.5638211382113821,0.1015963511972634,1078700,0.14275,predict_proba
LogisticRegression,0.62,15889,1651,1410,1050,0.4268292682926829,0.41862690375568135,0.3887449092928545,0.40689788800620036,0.39580820265379973,0.573170731707317,0.09412770809578107,1139100,0.13505,predict_proba
LogisticRegression,0.63,16007,1533,1445,1015,0.41260162601626016,0.40967064901517597,0.3983516483516483,0.4053514376996805,0.40112235219728104,0.5873983739837398,0.08740022805017104,1157800,0.1274,predict_proba
LogisticRegression,0.64,16126,1414,1475,985,0.40040650406504064,0.40240215703897375,0.4105877448937057,0.4054332167112575,0.40851028533510286,0.5995934959349594,0.08061573546180159,1189900,0.11995,predict_proba
LogisticRegression,0.65,16233,1307,1504,956,0.3886178861788618,0.39494340246219944,0.42244807777286786,0.4048274401863223,0.4152189020152884,0.6113821138211382,0.07451539338654505,1213700,0.11315,predict_proba
LogisticRegression,0.66,16347,1193,1521,939,0.38170731707317074,0.39216505178750416,0.44043151969981237,0.40897212543554007,0.4272843101565344,0.6182926829268293,0.06801596351197263,1273800,0.1066,predict_proba
LogisticRegression,0.67,16450,1090,1542,918,0.37317073170731707,0.387407157326131,0.45717131474103584,0.41092211280214863,0.43747617232176894,0.6268292682926829,0.062143671607753706,1314000,0.1004,predict_proba
LogisticRegression,0.68,16533,1007,1573,887,0.36056910569105693,0.37796147946139425,0.46832101372756074,0.40744143316490583,0.44190912714228775,0.6394308943089431,0.05741163055872292,1311200,0.0947,predict_proba
LogisticRegression,0.69,16622,918,1591,869,0.3532520325203252,0.3736991485335856,0.48628987129266926,0.4092300447374617,0.45222731057452126,0.6467479674796748,0.05233751425313569,1346300,0.08935,predict_proba
LogisticRegression,0.7,16698,842,1606,854,0.34715447154471546,0.37014563106796117,0.5035377358490566,0.4109720885466795,0.4619212462137603,0.6528455284552845,0.04800456100342075,1377200,0.0848,predict_proba
LogisticRegression,0.71,16767,773,1633,827,0.3361788617886179,0.36145104895104896,0.516875,0.40738916256157637,0.4667042889390519,0.6638211382113821,0.04407069555302166,1371800,0.08,predict_proba
LogisticRegression,0.72,16834,706,1654,806,0.3276422764227642,0.3550035236081748,0.533068783068783,0.40584088620342396,0.47367183826986364,0.6723577235772358,0.04025085518814139,1379600,0.0756,predict_proba
LogisticRegression,0.73,16894,646,1669,791,0.32154471544715446,0.3507138423339541,0.5504523312456506,0.40595329740826275,0.48184697855750486,0.6784552845528455,0.036830102622576966,1396100,0.07185,predict_proba
LogisticRegression,0.74,16945,595,1681,779,0.31666666666666665,0.3473336900303192,0.5669577874818049,0.4063641105894627,0.4895676219205631,0.6833333333333333,0.033922462941847205,1412000,0.0687,predict_proba
LogisticRegression,0.75,16998,542,1698,762,0.3097560975609756,0.34188801148600145,0.5843558282208589,0.40488841657810837,0.49635226680562794,0.6902439024390243,0.030900798175598633,1417200,0.0652,predict_proba
LogisticRegression,0.76,17042,498,1709,751,0.30528455284552847,0.33862386148435386,0.6012810248198559,0.40496090590455647,0.5036212446351931,0.6947154471544715,0.02839224629418472,1429300,0.06245,predict_proba
LogisticRegression,0.77,17078,462,1724,736,0.2991869918699187,0.33339373074832396,0.6143572621035058,0.40240568616730454,0.507446221731936,0.7008130081300813,0.026339794754846067,1424200,0.0599,predict_proba
LogisticRegression,0.78,17123,417,1736,724,0.2943089430894309,0.32966032237501136,0.6345311130587205,0.4021105248542072,0.515375854214123,0.7056910569105691,0.023774230330672746,1434700,0.05705,predict_proba
LogisticRegression,0.79,17152,388,1744,716,0.2910569105691057,0.3271198830409357,0.6485507246376812,0.40179573512906847,0.52065154159395,0.7089430894308943,0.02212086659064994,1440800,0.0552,predict_proba
LogisticRegression,0.8,17175,365,1759,701,0.28495934959349595,0.3213827251054465,0.6575984990619137,0.3976176971072036,0.5212671029149316,0.7150406504065041,0.02080957810718358,1424000,0.0533,predict_proba
LogisticRegression,0.81,17194,346,1779,681,0.27682926829268295,0.3133339468114475,0.6630963972736125,0.3905936334958417,0.5184226552984166,0.723170731707317,0.019726339794754848,1391100,0.05135,predict_proba
LogisticRegression,0.82,17222,318,1790,670,0.27235772357723576,0.30938308090136685,0.6781376518218624,0.388631090487239,0.5224578914535246,0.7276422764227642,0.01812998859749145,1388800,0.0494,predict_proba
LogisticRegression,0.83,17241,299,1805,655,0.266260162601626,0.30340930146377615,0.6865828092243187,0.38371411833626246,0.5218291905672403,0.733739837398374,0.017046750285062712,1368400,0.0477,predict_proba
LogisticRegression,0.84,17257,283,1813,647,0.2630081300813008,0.30037140204271123,0.6956989247311828,0.3817109144542773,0.5234627831715211,0.7369918699186991,0.0161345496009122,1362800,0.0465,predict_proba
LogisticRegression,0.85,17274,266,1829,631,0.25650406504065043,0.29384371798453945,0.7034559643255296,0.375930890676199,0.5216600529100529,0.7434959349593496,0.01516533637400228,1338100,0.04485,predict_proba
LogisticRegression,0.86,17292,248,1842,618,0.25121951219512195,0.2886232019428358,0.7136258660508084,0.37161755862898377,0.5216070222822418,0.748780487804878,0.014139110604332953,1321800,0.0433,predict_proba
LogisticRegression,0.87,17309,231,1853,607,0.24674796747967478,0.284229256415059,0.7243436754176611,0.36810187992722865,0.5221954576737784,0.7532520325203252,0.013169897377423034,1309600,0.0419,predict_proba
LogisticRegression,0.88,17330,210,1870,590,0.23983739837398374,0.27725563909774437,0.7375,0.3619631901840491,0.5212014134275619,0.7601626016260162,0.011972633979475485,1286000,0.04,predict_proba
LogisticRegression,0.89,17347,193,1882,578,0.23495934959349593,0.2723588728677787,0.7496757457846952,0.357783967811823,0.5212842712842712,0.765040650406504,0.011003420752565565,1271300,0.03855,predict_proba
LogisticRegression,0.9,17370,170,1902,558,0.22682926829268293,0.26400454201362605,0.7664835164835165,0.35006273525721454,0.5193596425912137,0.7731707317073171,0.009692132269099202,1242000,0.0364,predict_proba
GradientBoosting_Optuna,0.01,422,17118,8,2452,0.9967479674796748,0.41686501190071407,0.1252938170669392,0.22260553790285972,0.1518454297745851,0.0032520325203252032,0.9759407069555303,-9276200,0.9785,predict_proba
GradientBoosting_Optuna,0.02,2257,15283,75,2385,0.9695121951219512,0.4335102515631816,0.1349898120896536,0.23698330683624802,0.1630613137887655,0.03048780487804878,0.8713226909920182,-7792200,0.8834,predict_proba
GradientBoosting_Optuna,0.03,4390,13150,190,2270,0.9227642276422764,0.4493269992082344,0.14721141374837873,0.2539149888143177,0.17695665731212973,0.07723577235772358,0.749714937286203,-6160000,0.771,predict_proba
GradientBoosting_Optuna,0.04,6265,11275,300,2160,0.8780487804878049,0.4640171858216971,0.16077409750651284,0.27178357974205725,0.19217081850533807,0.12195121951219512,0.6428164196123147,-4747500,0.67175,predict_proba
GradientBoosting_Optuna,0.05,7861,9679,414,2046,0.8317073170731707,0.4743797820542546,0.17449893390191898,0.2884737398660557,0.20725283630470015,0.16829268292682928,0.551824401368301,-3596100,0.58625,predict_proba
GradientBoosting_Optuna,0.06,9214,8326,530,1930,0.7845528455284553,0.4801950636942675,0.18818252730109206,0.3035545769109783,0.2219207064667464,0.21544715447154472,0.4746864310148233,-2668400,0.5128,predict_proba
GradientBoosting_Optuna,0.07,10336,7204,641,1819,0.739430894308943,0.48216084398027886,0.2015959215338579,0.3168161630236001,0.23591512761983813,0.2605691056910569,0.41071835803876855,-1936100,0.45115,predict_proba
GradientBoosting_Optuna,0.08,11265,6275,734,1726,0.7016260162601626,0.48371728042150103,0.2157230346206724,0.3299875728897811,0.2504062209842154,0.2983739837398374,0.3577537058152794,-1332500,0.40005,predict_proba
GradientBoosting_Optuna,0.09,11993,5547,805,1655,0.6727642276422764,0.4855650745217697,0.22979727853374063,0.3425791761540054,0.26464756300370984,0.32723577235772355,0.316248574686431,-854800,0.3601,predict_proba
GradientBoosting_Optuna,0.1,12648,4892,877,1583,0.6434959349593496,0.48513637756665645,0.2444787644787645,0.3543368774482373,0.27909026798307474,0.3565040650406504,0.2789053591790194,-445300,0.32375,predict_proba
GradientBoosting_Optuna,0.11,13217,4323,966,1494,0.6073170731707317,0.47710289327457367,0.25683341928829295,0.3610003624501631,0.29034514925373134,0.3926829268292683,0.24646522234891677,-155700,0.29085,predict_proba
GradientBoosting_Optuna,0.12,13724,3816,1028,1432,0.5821138211382114,0.4745493107104984,0.2728658536585366,0.37156201349247536,0.3053044516459151,0.41788617886178864,0.21755986316989737,145600,0.2624,predict_proba
GradientBoosting_Optuna,0.13,14171,3369,1083,1377,0.5597560975609757,0.47202797202797203,0.29013906447534765,0.38218151540383016,0.3210688304420817,0.4402439024390244,0.19207525655644242,410400,0.2373,predict_proba
GradientBoosting_Optuna,0.14,14494,3046,1149,1311,0.5329268292682927,0.46171726421074877,0.3008951113151251,0.38462666862256123,0.3295957361222848,0.46707317073170734,0.17366020524515394,536100,0.21785,predict_proba
GradientBoosting_Optuna,0.15,14799,2741,1205,1255,0.5101626016260162,0.45352703093379587,0.31406406406406406,0.38878562577447334,0.3402190414226849,0.4898373983739837,0.15627137970353477,670600,0.1998,predict_proba
GradientBoosting_Optuna,0.16,15089,2451,1250,1210,0.491869918699187,0.4481149544478187,0.3305107894018028,0.39536023525567715,0.35371842843779233,0.508130081300813,0.13973774230330674,819100,0.18305,predict_proba
GradientBoosting_Optuna,0.17,15315,2225,1294,1166,0.4739837398373984,0.4406318494444864,0.34385137127690946,0.3985643479747052,0.3638292561158263,0.5260162601626016,0.12685290763968074,912500,0.16955,predict_proba
GradientBoosting_Optuna,0.18,15516,2024,1343,1117,0.4540650406504065,0.43024420306601957,0.35561922954473096,0.39885734690233887,0.37173855165069225,0.5459349593495935,0.1153933865450399,970900,0.15705,predict_proba
GradientBoosting_Optuna,0.19,15687,1853,1382,1078,0.43821138211382116,0.42204995693367786,0.36779256226543844,0.399925802263031,0.38000564015792443,0.5617886178861788,0.1056442417331813,1027300,0.14655,predict_proba
GradientBoosting_Optuna,0.2,15839,1701,1416,1044,0.424390243902439,0.41477949940405245,0.380327868852459,0.40115273775216137,0.38839285714285715,0.5756097560975609,0.09697833523375142,1079100,0.13725,predict_proba
GradientBoosting_Optuna,0.21,15990,1550,1449,1011,0.41097560975609754,0.40762841706314007,0.394767668879344,0.4027086237801235,0.39790617128463474,0.5890243902439024,0.08836944127708096,1132500,0.12805,predict_proba
GradientBoosting_Optuna,0.22,16117,1423,1482,978,0.3975609756097561,0.39947716689812923,0.40733027905039565,0.40238634025920594,0.40533819628647216,0.6024390243902439,0.08112884834663626,1164300,0.12005,predict_proba
GradientBoosting_Optuna,0.23,16214,1326,1512,948,0.3853658536585366,0.39128281327389797,0.41688654353562005,0.4005069708491762,0.4101765316718588,0.6146341463414634,0.07559863169897378,1176600,0.1137,predict_proba
GradientBoosting_Optuna,0.24,16317,1223,1532,928,0.3772357723577236,0.3869568843299141,0.4314272431427243,0.4025157232704403,0.4193781634128706,0.6227642276422765,0.06972633979475484,1219300,0.10755,predict_proba
GradientBoosting_Optuna,0.25,16402,1138,1566,894,0.36341463414634145,0.3765161725067385,0.43996062992125984,0.39804096170970615,0.42217604835663014,0.6365853658536585,0.06488027366020524,1210800,0.1016,predict_proba
GradientBoosting_Optuna,0.26,16489,1051,1586,874,0.35528455284552846,0.37144071398215045,0.454025974025974,0.3986316989737742,0.4301181102362205,0.6447154471544716,0.05992018244013683,1239100,0.09625,predict_proba
GradientBoosting_Optuna,0.27,16558,982,1608,852,0.3463414634146341,0.36491348295357207,0.46455834242093785,0.39683278993945037,0.43487137607186604,0.6536585365853659,0.055986316989737744,1246200,0.0917,predict_proba
GradientBoosting_Optuna,0.28,16619,921,1626,834,0.33902439024390246,0.35963777490297544,0.4752136752136752,0.39572953736654803,0.439873417721519,0.6609756097560976,0.05250855188141391,1256100,0.08775,predict_proba
GradientBoosting_Optuna,0.29,16681,859,1638,822,0.33414634146341465,0.35673986633104765,0.48899464604402143,0.397005554213958,0.44751742160278746,0.6658536585365854,0.048973774230330676,1281900,0.08405,predict_proba
GradientBoosting_Optuna,0.3,16746,794,1650,810,0.32926829268292684,0.35389723872771756,0.5049875311720698,0.3986220472440945,0.4562866155926093,0.6707317073170732,0.04526795895096921,1310400,0.0802,predict_proba
GradientBoosting_Optuna,0.31,16803,737,1663,797,0.32398373983739837,0.3503604712502198,0.5195567144719687,0.39909864797195793,0.4635877152163797,0.6760162601626016,0.04201824401368301,1329200,0.0767,predict_proba
GradientBoosting_Optuna,0.32,16847,693,1672,788,0.3203252032520325,0.34802579277448986,0.5320729237002025,0.39989850291804113,0.4699427480916031,0.6796747967479675,0.0395096921322691,1346300,0.07405,predict_proba
GradientBoosting_Optuna,0.33,16879,661,1684,776,0.3154471544715447,0.3440631373592267,0.5400139178844816,0.39825506800102645,0.4727095516569201,0.6845528455284553,0.03768529076396807,1345100,0.07185,predict_proba
GradientBoosting_Optuna,0.34,16915,625,1693,767,0.31178861788617884,0.3414351851851852,0.5510057471264368,0.39823468328141226,0.4777030393622322,0.6882113821138212,0.03563283922462942,1355000,0.0696,predict_proba
GradientBoosting_Optuna,0.35,16956,584,1708,752,0.3056910569105691,0.3364352183249821,0.562874251497006,0.39620653319283455,0.48180420297283444,0.6943089430894309,0.03329532497149373,1354400,0.0668,predict_proba
GradientBoosting_Optuna,0.36,16996,544,1719,741,0.30121951219512194,0.33303370786516856,0.5766536964980544,0.3957276368491322,0.4875,0.698780487804878,0.031014823261117448,1362900,0.06425,predict_proba
GradientBoosting_Optuna,0.37,17029,511,1726,734,0.2983739837398374,0.33107803337843933,0.5895582329317269,0.396221322537112,0.4932795698924731,0.7016260162601626,0.029133409350057014,1375100,0.06225,predict_proba
GradientBoosting_Optuna,0.38,17057,483,1733,727,0.29552845528455285,0.32895927601809954,0.6008264462809917,0.39618528610354226,0.49794520547945204,0.7044715447154472,0.027537058152793614,1382800,0.0605,predict_proba
GradientBoosting_Optuna,0.39,17090,450,1740,720,0.2926829268292683,0.32697547683923706,0.6153846153846154,0.39669421487603307,0.5042016806722689,0.7073170731707317,0.02565564424173318,1395000,0.0585,predict_proba
GradientBoosting_Optuna,0.4,17120,420,1747,713,0.28983739837398376,0.3248883623439351,0.6293027360988526,0.39688282772056777,0.5098684210526315,0.7101626016260163,0.02394526795895097,1404500,0.05665,predict_proba
GradientBoosting_Optuna,0.41,17132,408,1754,706,0.2869918699186992,0.32225670987767024,0.6337522441651705,0.39507554560716285,0.5104106419895894,0.7130081300813008,0.023261117445838083,1397800,0.0557,predict_proba
GradientBoosting_Optuna,0.42,17161,379,1767,693,0.2817073170731707,0.3175403225806452,0.6464552238805971,0.3924122310305776,0.5134854771784232,0.7182926829268292,0.021607753705815278,1391400,0.0536,predict_proba
GradientBoosting_Optuna,0.43,17182,358,1774,686,0.2788617886178862,0.3151414920984932,0.657088122605364,0.3915525114155251,0.5168776371308017,0.7211382113821139,0.02041049030786773,1392800,0.0522,predict_proba
GradientBoosting_Optuna,0.44,17200,340,1779,681,0.27682926829268295,0.31350704355031767,0.6669931439764937,0.39126687733409937,0.5203239608801956,0.723170731707317,0.019384264538198404,1396500,0.05105,predict_proba
GradientBoosting_Optuna,0.45,17219,321,1782,678,0.275609756097561,0.3127594796567949,0.6786786786786787,0.3920208152645273,0.525092936802974,0.724390243902439,0.01830102622576967,1406100,0.04995,predict_proba
GradientBoosting_Optuna,0.46,17238,302,1786,674,0.2739837398373984,0.31157544378698226,0.6905737704918032,0.39231664726426074,0.5295411690760528,0.7260162601626017,0.017217787913340936,1413200,0.0488,predict_proba
GradientBoosting_Optuna,0.47,17258,282,1788,672,0.2731707317073171,0.311284046692607,0.7044025157232704,0.3936731107205624,0.5353728489483748,0.7268292682926829,0.016077537058152794,1426200,0.0477,predict_proba
GradientBoosting_Optuna,0.48,17271,269,1792,668,0.27154471544715447,0.3099192725248214,0.7129135538954109,0.39328819546658816,0.5380154639175257,0.7284552845528456,0.015336374002280502,1427900,0.04685,predict_proba
GradientBoosting_Optuna,0.49,17281,259,1800,660,0.2682926829268293,0.3067199553861883,0.7181719260065288,0.39064812074578276,0.5378096479791395,0.7317073170731707,0.014766248574686431,1416900,0.04595,predict_proba
GradientBoosting_Optuna,0.5,17297,243,1804,656,0.26666666666666666,0.30542881087624546,0.7296996662958843,0.3905924382256624,0.5416116248348745,0.7333333333333333,0.013854047890535917,1421300,0.04495,predict_proba
GradientBoosting_Optuna,0.51,17309,231,1810,650,0.26422764227642276,0.30314336349221155,0.7377979568671964,0.38910505836575876,0.5431149732620321,0.7357723577235772,0.013169897377423034,1417100,0.04405,predict_proba
GradientBoosting_Optuna,0.52,17318,222,1816,644,0.26178861788617885,0.3007659256491687,0.74364896073903,0.3872519542994588,0.5435516542876435,0.7382113821138211,0.01265678449258837,1410200,0.0433,predict_proba
GradientBoosting_Optuna,0.53,17330,210,1823,637,0.25894308943089434,0.2980256386263685,0.7520661157024794,0.3852434230420321,0.5446306429548564,0.7410569105691057,0.011972633979475485,1403500,0.04235,predict_proba
GradientBoosting_Optuna,0.54,17348,192,1829,631,0.25650406504065043,0.2958829597674201,0.7667071688942891,0.3844045080718855,0.5485048678720446,0.7434959349593496,0.010946408209806158,1404700,0.04115,predict_proba
GradientBoosting_Optuna,0.55,17358,182,1836,624,0.25365853658536586,0.29306781889911704,0.7741935483870968,0.38211879975505203,0.5489092188599578,0.7463414634146341,0.010376282782212087,1396200,0.0403,predict_proba
GradientBoosting_Optuna,0.56,17366,174,1839,621,0.2524390243902439,0.2919605077574048,0.7811320754716982,0.3815668202764977,0.550531914893617,0.7475609756097561,0.00992018244013683,1395900,0.03975,predict_proba
GradientBoosting_Optuna,0.57,17376,164,1845,615,0.25,0.28957528957528955,0.7894736842105263,0.379746835443038,0.5514705882352942,0.75,0.009350057012542759,1389900,0.03895,predict_proba
GradientBoosting_Optuna,0.58,17383,157,1849,611,0.2483739837398374,0.28799019607843135,0.7955729166666666,0.3785625774473358,0.5522415039768619,0.7516260162601626,0.00895096921322691,1386200,0.0384,predict_proba
GradientBoosting_Optuna,0.59,17393,147,1856,604,0.24552845528455283,0.2851477669719573,0.8042609853528628,0.37620678916225475,0.5527086383601757,0.7544715447154472,0.008380843785632839,1377700,0.03755,predict_proba
GradientBoosting_Optuna,0.6,17400,140,1863,597,0.2426829268292683,0.28221612933724116,0.8100407055630936,0.3734751329371286,0.5519600591715976,0.7573170731707317,0.00798175598631699,1366500,0.03685,predict_proba
GradientBoosting_Optuna,0.61,17411,129,1871,589,0.2394308943089431,0.2789354044326577,0.8203342618384402,0.3706733794839522,0.5523255813953488,0.760569105691057,0.007354618015963512,1356400,0.0359,predict_proba
GradientBoosting_Optuna,0.62,17414,126,1873,587,0.2386178861788618,0.2781199658864778,0.82328190743338,0.36999684840844627,0.5525225903614458,0.7613821138211382,0.007183580387685291,1354100,0.03565,predict_proba
GradientBoosting_Optuna,0.63,17420,120,1874,586,0.23821138211382115,0.2778304570453252,0.830028328611898,0.37018319646241316,0.5545041635124905,0.7617886178861789,0.0068415051311288486,1357000,0.0353,predict_proba
GradientBoosting_Optuna,0.64,17431,109,1876,584,0.23739837398373984,0.27722396278363237,0.8427128427128427,0.37044084998414206,0.5581039755351682,0.7626016260162601,0.006214367160775371,1361900,0.03465,predict_proba
GradientBoosting_Optuna,0.65,17439,101,1883,577,0.2345528455284553,0.274291690435444,0.8510324483775811,0.36775015933715743,0.5578112915699923,0.7654471544715448,0.005758266818700114,1351600,0.0339,predict_proba
GradientBoosting_Optuna,0.66,17448,92,1891,569,0.23130081300813007,0.27092657842110274,0.8608169440242057,0.36462672220442166,0.5574059561128527,0.7686991869918699,0.00524515393386545,1339700,0.03305,predict_proba
GradientBoosting_Optuna,0.67,17453,87,1896,564,0.22926829268292684,0.2688018301401201,0.8663594470046083,0.36258437801350046,0.556872037914692,0.7707317073170732,0.004960091220068415,1331700,0.03255,predict_proba
GradientBoosting_Optuna,0.68,17455,85,1899,561,0.2280487804878049,0.26749952317375547,0.868421052631579,0.36123631680618157,0.5561062648691515,0.7719512195121951,0.004846066134549601,1326000,0.0323,predict_proba
GradientBoosting_Optuna,0.69,17460,80,1904,556,0.22601626016260162,0.2653684612447499,0.8742138364779874,0.35917312661498707,0.5555555555555556,0.7739837398373983,0.004561003420752566,1318000,0.0318,predict_proba
GradientBoosting_Optuna,0.7,17465,75,1909,551,0.22398373983739836,0.2632333269635009,0.8801916932907349,0.3570965651328581,0.5549959709911362,0.7760162601626016,0.00427594070695553,1310000,0.0313,predict_proba
GradientBoosting_Optuna,0.71,17472,68,1916,544,0.22113821138211381,0.2602372751626483,0.8888888888888888,0.3541666666666667,0.5541972290138549,0.7788617886178861,0.003876852907639681,1298800,0.0306,predict_proba
GradientBoosting_Optuna,0.72,17473,67,1924,536,0.21788617886178863,0.25663123623479844,0.8888888888888888,0.34998367613450865,0.5500821018062397,0.7821138211382114,0.0038198403648802737,1279700,0.03015,predict_proba
GradientBoosting_Optuna,0.73,17477,63,1932,528,0.2146341463414634,0.2530917457578372,0.8934010152284264,0.34611602753195675,0.5472636815920398,0.7853658536585366,0.0035917901938426456,1263300,0.02955,predict_proba
GradientBoosting_Optuna,0.74,17483,57,1936,524,0.21300813008130082,0.2514154111889454,0.9018932874354562,0.34462347911871094,0.5476588628762542,0.7869918699186992,0.003249714937286203,1258700,0.02905,predict_proba
GradientBoosting_Optuna,0.75,17485,55,1943,517,0.21016260162601627,0.24827122550902805,0.9038461538461539,0.34102902374670185,0.5444397641112048,0.7898373983739837,0.003135689851767389,1243000,0.0286,predict_proba
GradientBoosting_Optuna,0.76,17486,54,1951,509,0.20691056910569106,0.24464096895126405,0.9040852575488455,0.33675157128680117,0.5401103565365025,0.7930894308943089,0.0030786773090079817,1223900,0.02815,predict_proba
GradientBoosting_Optuna,0.77,17489,51,1956,504,0.2048780487804878,0.24242424242424243,0.9081081081081082,0.33432835820895523,0.5384615384615384,0.7951219512195122,0.0029076396807297604,1214100,0.02775,predict_proba
GradientBoosting_Optuna,0.78,17492,48,1965,495,0.20121951219512196,0.23837041317538285,0.9116022099447514,0.32967032967032966,0.5343264248704663,0.7987804878048781,0.0027366020524515395,1194300,0.02715,predict_proba
GradientBoosting_Optuna,0.79,17495,45,1969,491,0.19959349593495934,0.23660370084811103,0.9160447761194029,0.32777036048064084,0.5332319721980886,0.8004065040650407,0.002565564424173318,1187000,0.0268,predict_proba
GradientBoosting_Optuna,0.8,17499,41,1979,481,0.19552845528455284,0.23209805056938815,0.921455938697318,0.3226022803487592,0.5288038698328936,0.8044715447154471,0.0023375142531356897,1165600,0.0261,predict_proba
GradientBoosting_Optuna,0.81,17504,36,1987,473,0.19227642276422766,0.22852449512030149,0.9292730844793713,0.31862579993263723,0.5260231316725978,0.8077235772357724,0.0020524515393386543,1150100,0.02545,predict_proba
GradientBoosting_Optuna,0.82,17507,33,1999,461,0.18739837398373985,0.22305012579833558,0.9331983805668016,0.3121191604603927,0.5196122633002705,0.8126016260162602,0.0018814139110604332,1122800,0.0247,predict_proba
GradientBoosting_Optuna,0.83,17512,28,2013,447,0.18170731707317073,0.2166747455162385,0.9410526315789474,0.30459965928449745,0.5126146788990825,0.8182926829268292,0.0015963511972633979,1092300,0.02375,predict_proba
GradientBoosting_Optuna,0.84,17516,24,2020,440,0.17886178861788618,0.21350931677018634,0.9482758620689655,0.3009575923392613,0.5097312326227988,0.8211382113821138,0.0013683010262257698,1078400,0.0232,predict_proba
GradientBoosting_Optuna,0.85,17519,21,2036,424,0.17235772357723578,0.20612542537676226,0.952808988764045,0.2919104991394148,0.5,0.8276422764227642,0.0011972633979475485,1041100,0.02225,predict_proba
GradientBoosting_Optuna,0.86,17522,18,2054,406,0.16504065040650406,0.19777864380358534,0.9575471698113207,0.2815533980582524,0.4884504331087584,0.8349593495934959,0.0010262257696693272,998800,0.0212,predict_proba
GradientBoosting_Optuna,0.87,17526,14,2069,391,0.1589430894308943,0.1908247925817472,0.9654320987654321,0.2729493891797557,0.4791666666666667,0.8410569105691057,0.0007981755986316989,964900,0.02025,predict_proba
GradientBoosting_Optuna,0.88,17529,11,2087,373,0.1516260162601626,0.18241392801251957,0.9713541666666666,0.26230661040787623,0.4667167167167167,0.8483739837398374,0.0006271379703534777,922600,0.0192,predict_proba
GradientBoosting_Optuna,0.89,17533,7,2105,355,0.1443089430894309,0.17398549304058028,0.9806629834254144,0.2515946137491141,0.45419651995905835,0.8556910569105691,0.00039908779931584947,881200,0.0181,predict_proba
GradientBoosting_Optuna,0.9,17536,4,2127,333,0.1353658536585366,0.16360420556156038,0.9881305637982196,0.23811226313907757,0.4372373949579832,0.8646341463414634,0.00022805017103762827,828900,0.01685,predict_proba
